<?xml version="1.0" encoding="UTF-8"?>
<!--
                Sun Public License Notice

The contents of this file are subject to the Sun Public License
Version 1.0 (the "License"). You may not use this file except in
compliance with the License. A copy of the License is available at
http://www.sun.com/

The Original Code is NetBeans. The Initial Developer of the Original
Code is Sun Microsystems, Inc. Portions Copyright 1997-2003 Sun
Microsystems, Inc. All Rights Reserved.
-->
<!DOCTYPE filesystem PUBLIC "-//NetBeans//DTD Filesystem 1.1//EN" "http://www.netbeans.org/dtds/filesystem-1_1.dtd">
<filesystem>
    <folder name="Menu">
	<attr name="Window/Help" boolvalue="true"/>
        <folder name="Help">
          <file name="master-help.xml" url="master-help.xml">
              <attr name="SystemFileSystem.localizingBundle" stringvalue="org.netbeans.modules.javahelp.resources.Bundle"/>
          </file>
          <attr name="master-help.xml/HelpShortcuts" boolvalue="true"/>
          <attr name="HelpShortcuts\SystemFileSystem.localizingBundle" stringvalue="org.netbeans.modules.javahelp.resources.Bundle"/>
          <attr name="HelpShortcuts/Separator1.instance" boolvalue="true"/>
        </folder>
    </folder>
    <folder name="Actions">
        <folder name="Help">
            <file name="master-help.xml" url="master-help.xml">
                <attr name="SystemFileSystem.localizingBundle" stringvalue="org.netbeans.modules.javahelp.resources.Bundle"/>
                <attr name="SystemFileSystem.icon" urlvalue="nbresloc:/org/openide/resources/actions/empty.gif"/>
            </file>
            <file name="org-netbeans-modules-javahelp-HelpAction.instance"/>
        </folder>
    </folder>
    <folder name="Services">
        <folder name="JavaHelp">
            <attr name="hidden" boolvalue="true"/>
        </folder>
        <folder name="Hidden">
            <file name="org-netbeans-modules-javahelp-help.instance">
                <attr name="instanceClass" stringvalue="org.netbeans.api.javahelp.Help"/>
                <attr name="instanceOf" stringvalue="org.netbeans.api.javahelp.Help"/>
                <attr name="instanceCreate" methodvalue="org.netbeans.modules.javahelp.Installer.getDefaultHelp"/>
            </file>
        </folder>
    </folder>
    <folder name="xml">
        <folder name="entities">
            <folder name="Sun_Microsystems_Inc_">
                <file name="DTD_JavaHelp_HelpSet_Version_1_0"
                      url="nbres:/org/netbeans/modules/javahelp/resources/helpset_1_0.dtd">
                    <attr name="hint.originalPublicID"
                          stringvalue="-//Sun Microsystems Inc.//DTD JavaHelp HelpSet Version 1.0//EN"/>
                </file>
                <file name="DTD_JavaHelp_Map_Version_1_0"
                      url="nbres:/org/netbeans/modules/javahelp/resources/map_1_0.dtd">
                    <attr name="hint.originalPublicID"
                          stringvalue="-//Sun Microsystems Inc.//DTD JavaHelp Map Version 1.0//EN"/>
                </file>
                <file name="DTD_JavaHelp_TOC_Version_1_0"
                      url="nbres:/org/netbeans/modules/javahelp/resources/toc_1_0.dtd">
                    <attr name="hint.originalPublicID"
                          stringvalue="-//Sun Microsystems Inc.//DTD JavaHelp TOC Version 1.0//EN"/>
                </file>
                <file name="DTD_JavaHelp_Index_Version_1_0"
                      url="nbres:/org/netbeans/modules/javahelp/resources/index_1_0.dtd">
                    <attr name="hint.originalPublicID"
                          stringvalue="-//Sun Microsystems Inc.//DTD JavaHelp Index Version 1.0//EN"/>
                </file>
                <file name="DTD_JavaHelp_HelpSet_Version_2_0"
                      url="nbres:/org/netbeans/modules/javahelp/resources/helpset_2_0.dtd">
                    <attr name="hint.originalPublicID"
                          stringvalue="-//Sun Microsystems Inc.//DTD JavaHelp HelpSet Version 2.0//EN"/>
                </file>
                <file name="DTD_JavaHelp_Map_Version_2_0"
                      url="nbres:/org/netbeans/modules/javahelp/resources/map_2_0.dtd">
                    <attr name="hint.originalPublicID"
                          stringvalue="-//Sun Microsystems Inc.//DTD JavaHelp Map Version 2.0//EN"/>
                </file>
                <file name="DTD_JavaHelp_TOC_Version_2_0"
                      url="nbres:/org/netbeans/modules/javahelp/resources/toc_2_0.dtd">
                    <attr name="hint.originalPublicID"
                          stringvalue="-//Sun Microsystems Inc.//DTD JavaHelp TOC Version 2.0//EN"/>
                </file>
                <file name="DTD_JavaHelp_Index_Version_2_0"
                      url="nbres:/org/netbeans/modules/javahelp/resources/index_2_0.dtd">
                    <attr name="hint.originalPublicID"
                          stringvalue="-//Sun Microsystems Inc.//DTD JavaHelp Index Version 2.0//EN"/>
                </file>
                <file name="DTD_JavaHelp_Favorites_Version_2_0"
                      url="nbres:/org/netbeans/modules/javahelp/resources/favorites_2_0.dtd">
                    <attr name="hint.originalPublicID"
                          stringvalue="-//Sun Microsystems Inc.//DTD JavaHelp Favorites Version 2.0//EN"/>
                </file>
            </folder>
            <folder name="NetBeans">
                <file name="DTD_JavaHelp_Help_Set_Reference_1_0"
                      url="nbres:/org/netbeans/modules/javahelp/resources/helpsetref-1_0.dtd">
                    <attr name="hint.originalPublicID"
                          stringvalue="-//NetBeans//DTD JavaHelp Help Set Reference 1.0//EN"/>
                </file>
                <file name="DTD_Help_Context_1_0"
                      url="nbres:/org/netbeans/modules/javahelp/resources/helpcontext-1_0.dtd">
                    <attr name="hint.originalPublicID"
                          stringvalue="-//NetBeans//DTD Help Context 1.0//EN"/>
                </file>
            </folder>
        </folder>
        <folder name="lookups">
            <folder name="NetBeans">
                <file name="DTD_JavaHelp_Help_Set_Reference_1_0.instance">
                    <attr name="instanceClass" stringvalue="org.openide.loaders.XMLDataObject$Processor"/>
                    <attr name="instanceCreate" newvalue="org.netbeans.modules.javahelp.HelpSetProcessor"/>
                </file>
                <file name="DTD_Help_Context_1_0.instance">
                    <attr name="instanceClass" stringvalue="org.openide.loaders.XMLDataObject$Processor"/>
                    <attr name="instanceCreate" newvalue="org.netbeans.modules.javahelp.HelpCtxProcessor"/>
                </file>
            </folder>
        </folder>
    </folder>
</filesystem>
