<?xml version="1.0" encoding="UTF-8"?>
<!--
                Sun Public License Notice

The contents of this file are subject to the Sun Public License
Version 1.0 (the "License"). You may not use this file except in
compliance with the License. A copy of the License is available at
http://www.sun.com/

The Original Code is NetBeans. The Initial Developer of the Original
Code is Sun Microsystems, Inc. Portions Copyright 1997-2005 Sun
Microsystems, Inc. All Rights Reserved.
-->
<!DOCTYPE filesystem PUBLIC "-//NetBeans//DTD Filesystem 1.0//EN" "http://www.netbeans.org/dtds/filesystem-1_0.dtd">

<filesystem>
    <folder name="Navigator">
        <folder name="Panels">
            <!-- Sudirectory structure below represents content type in mime type syntax.
                 Replace with content type your navigator view will show  -->
            <folder name="text">
                <folder name="plain">
                    <!-- NavigatorPanel implementation, replace with your own -->
                    <file name="org-netbeans-modules-some_module-SomeTextPlainProvider.instance"/>
                </folder>
            </folder>
        </folder>
    </folder>
</filesystem>

