<?xml version="1.0" encoding="UTF-8"?>
<!-- Search for CHANGEME in this document when copying and using it: -->
<!--
                Sun Public License Notice

The contents of this file are subject to the Sun Public License
Version 1.0 (the "License"). You may not use this file except in
compliance with the License. A copy of the License is available at
http://www.sun.com/

The Original Code is NetBeans. The Initial Developer of the Original
Code is Sun Microsystems, Inc. Portions Copyright 1997-2003 Sun
Microsystems, Inc. All Rights Reserved.
-->
<?xml-stylesheet type="text/xml" href="CHANGEME/nbbuild/javadoctools/apichanges.xsl"?>
<!DOCTYPE apichanges PUBLIC "-//NetBeans//DTD API changes list 1.0//EN" "../../../../../nbbuild/javadoctools/apichanges.dtd">

<!--

INFO FOR PEOPLE ADDING CHANGES:

Check the DTD (apichanges.dtd) for details on the syntax. You do not
need to regenerate the HTML, as this is part of Javadoc generation; just
change the XML. Rough syntax of a change (several parts optional):

<change>
    <api name="compiler"/>
    <summary>Some brief description here, can use <b>XHTML</b></summary>
    <version major="1" minor="99"/>
    <date day="13" month="6" year="2001"/>
    <author login="jrhacker"/>
    <compatibility addition="yes"/>
    <description>
        The main description of the change here.
        Again can use full <b>XHTML</b> as needed.
    </description>
    <class package="org.openide.compiler" name="DoWhatIWantCompiler"/>
    <issue number="14309"/>
</change>

Also permitted elements: <package>, <branch>. <version> is API spec
version, recommended for all new changes. <compatibility> should say
if things were added/modified/deprecated/etc. and give all information
related to upgrading old code. List affected top-level classes and
link to issue numbers if applicable. See the DTD for more details.

Changes need not be in any particular order, they are sorted in various
ways by the stylesheet anyway.

Dates are assumed to mean "on the trunk". If you *also* make the same
change on a stabilization branch, use the <branch> tag to indicate this
and explain why the change was made on a branch in the <description>.

Please only change this file on the trunk! Rather: you can change it
on branches if you want, but these changes will be ignored; only the
trunk version of this file is important.

Deprecations do not count as incompatible, assuming that code using the
deprecated calls continues to see their documented behavior. But do
specify deprecation="yes" in <compatibility>.

This file is not a replacement for Javadoc: it is intended to list changes,
not describe the complete current behavior, for which ordinary documentation
is the proper place.

-->

<apichanges>

    <!-- First, a list of API names you may use: -->
    <apidefs>
        <apidef name="progress_api">Progress API</apidef>
        <!-- etc. -->
    </apidefs>

    <!-- ACTUAL CHANGES BEGIN HERE: -->

  <changes>
    <change>
        <api name="progress_api"/>
        <summary>Allow to change display name of running progress task</summary>
        <version major="1" minor="5"/>
        <date day="25" month="11" year="2005"/>
        <author login="mkleint"/>
        <compatibility addition="yes"/>
        <description>
            <p>
                Added new method <code>setDisplayName(String)</code> to <code>ProgressHandle</code> and <code>AggregateProgressHandle</code>,
                allows to change the main identifying name of the progress task.
            </p>
        </description>
        <class package="org.netbeans.api.progress" name="ProgressHandle"/>
        <class package="org.netbeans.api.progress.aggregate" name="AggregateProgressHandle"/>
        <issue number="68923"/>
    </change>      
    <change>
        <api name="progress_api"/>
        <summary>Adding <code>createProgressComponent(AggregateProgressHandle)</code> method to <code>AggregateProgressFactory</code></summary>
        <version major="1" minor="3"/>
        <date day="19" month="10" year="2005"/>
        <author login="mkleint"/>
        <compatibility addition="yes"/>
        <description>
            <p>
              For aggregated progress handles the equivalent of ProgressHandleFactory.createProgressComponent() was missing.
              Added in this version.
            </p>
        </description>
        <class package="org.netbeans.api.progress.aggregate" name="AggregateProgressFactory"/>
        <class package="org.netbeans.api.progress.aggregate" name="AggregateProgressHandle"/>
        <issue number="66554"/>
    </change>      
    <change>
        <api name="progress_api"/>
        <summary>Adding <code>setInitialDelay(int)</code> method to <code>ProgressHandle</code> and <code>AggregateProgressHandle</code></summary>
        <version major="1" minor="2"/>
        <date day="26" month="9" year="2005"/>
        <author login="mkleint"/>
        <compatibility addition="yes"/>
        <description><p>
            The newly added methods allow to customize the amount of time that shall pass between the start of handle's progress 
            and it's appearance in the status bar. If the progress task finishes fast enough it won't appear in the UI at all.
            The default value is around 0.5s. </p>
            <p>
            For handles that are used in dialogs and elsewhere, this property has no effect and the handle's component is shown immediately.
            </p>
        </description>
        <class package="org.netbeans.api.progress" name="ProgressHandle"/>
        <class package="org.netbeans.api.progress.aggregate" name="AggregateProgressHandle"/>
        <issue number="60966"/>
    </change>      
    <change>
        <api name="progress_api"/>
        <summary>Initial version released</summary>
        <version major="1" minor="0"/>
        <date day="4" month="5" year="2005"/>
        <author login="mkleint"/>
        <compatibility addition="yes"/>
        <description>first initial release of the progress api.
        </description>
    </change>      
  </changes>

    <!-- Now the surrounding HTML text and document structure: -->

    <htmlcontents>
<!--

                            NO NO NO NO NO!

         ==============>    DO NOT EDIT ME!  <==============

          AUTOMATICALLY GENERATED FROM APICHANGES.XML, DO NOT EDIT

                SEE CHANGEME/apichanges.xml

-->
    <head>
      <title>Change History for the Progress API</title>
      <link rel="stylesheet" href="prose.css" type="text/css"/>
    </head>
    <body>

<p class="overviewlink"><a href="overview-summary.html">Overview</a></p>

<h1>Introduction</h1>

<p>This document lists changes made to the Progress API/SPI.</p>

<!-- The actual lists of changes, as summaries and details: -->

      <hr/><standard-changelists module-code-name="org.netbeans.api.progress"/>

      <hr/><p>@FOOTER@</p>

    </body>
  </htmlcontents>

</apichanges>
