<?xml version="1.0" encoding="UTF-8"?>
<!--
                Sun Public License Notice

The contents of this file are subject to the Sun Public License
Version 1.0 (the "License"). You may not use this file except in
compliance with the License. A copy of the License is available at
http://www.sun.com/

The Original Code is NetBeans. The Initial Developer of the Original
Code is Sun Microsystems, Inc. Portions Copyright 1997-2002 Sun
Microsystems, Inc. All Rights Reserved.
-->
<!DOCTYPE filesystem PUBLIC "-//NetBeans//DTD Filesystem 1.1//EN" "http://www.netbeans.org/dtds/filesystem-1_1.dtd">
<filesystem>
    <folder name="Services">
        <file name="org-netbeans-modules-settings-examples-ProxySettings.settings" url="ProxySettings.xml">
            <attr name="SystemFileSystem.localizingBundle" stringvalue="org.netbeans.modules.settings.examples.Bundle"/>
            <attr name="SystemFileSystem.layer" stringvalue="project"/>
        </file>
        <folder name="SettingExamples">
            <attr name="SystemFileSystem.localizingBundle" stringvalue="org.netbeans.modules.settings.examples.Bundle"/>
            
            <file name="org-netbeans-modules-settings-examples-JavaCompilerSetting.settings" url="JavaCompilerSetting.xml">
                <attr name="SystemFileSystem.localizingBundle" stringvalue="org.netbeans.modules.settings.examples.Bundle"/>
            </file>
        </folder>
    </folder>
    <folder name="Templates">
        <folder name="Services">
            <folder name="SettingExamples">
                <file name="org-netbeans-modules-settings-examples-JavaCompilerSetting.settings" url="JavaCompilerSetting.xml">
                    <attr name="SystemFileSystem.localizingBundle" stringvalue="org.netbeans.modules.settings.examples.Bundle"/>
                    <attr name="template" boolvalue="true"/>
                </file>
            </folder>
        </folder>
    </folder>
    
    <folder name="UI">
        <folder name="Services">
            <file name="org-netbeans-modules-settings-examples-ProxySettings.shadow">
            <![CDATA[Services/org-netbeans-modules-settings-examples-ProxySettings.settings
SystemFileSystem]]>
            </file>
            <file name="org-netbeans-modules-settings-examples-SettingExamples.shadow">
            <![CDATA[Services/SettingExamples
SystemFileSystem]]>
            </file>
        </folder>
    </folder>
    
    <folder name="xml">
        <folder name="entities">
            <folder name="NetBeans_org_netbeans_modules_settings_examples">
                <file name="DTD_XML_ProxySettings_1_0" url="nbres:/org/netbeans/modules/settings/resources/properties-1_0.dtd">
                    <attr name="hint.originalPublicID" stringvalue="-//NetBeans org.netbeans.modules.settings.examples//DTD XML ProxySettings 1.0//EN"/>
                </file>
                <file name="DTD_XML_JavaCompilerSetting_1_0" url="nbres:/org/netbeans/modules/settings/resources/properties-1_0.dtd">
                    <attr name="hint.originalPublicID" stringvalue="-//NetBeans org.netbeans.modules.settings.examples//DTD XML JavaCompilerSetting 1.0//EN"/>
                </file>
            </folder>
        </folder>
        <folder name="lookups">
            <folder name="NetBeans_org_netbeans_modules_settings_examples">
                <file name="DTD_XML_ProxySettings_1_0.instance">
                    <attr name="instanceCreate" methodvalue="org.netbeans.api.settings.Factory.create"/>
                    <attr name="settings.convertor" methodvalue="org.netbeans.api.settings.Factory.properties"/>
                    <attr name="settings.instanceClass" stringvalue="org.netbeans.modules.settings.examples.ProxySettings"/>
                    <attr name="settings.instanceOf" stringvalue="org.netbeans.modules.settings.examples.ProxySettings"/>
                    <attr name="xmlproperties.ignoreChanges" stringvalue="proxyPort"/>
                    <attr name="xmlproperties.preventStoring" boolvalue="true"/>
                </file>
                <file name="DTD_XML_JavaCompilerSetting_1_0.instance">
                    <attr name="instanceCreate" methodvalue="org.netbeans.api.settings.Factory.create"/>
                    <attr name="settings.convertor" methodvalue="org.netbeans.api.settings.Factory.properties"/>
                    <attr name="settings.instanceClass" stringvalue="org.netbeans.modules.settings.examples.JavaCompilerSetting"/>
                    <attr name="settings.instanceOf" stringvalue="org.netbeans.modules.settings.examples.JavaCompilerSetting"/>
                </file>
            </folder>
        </folder>
        
        <folder name="memory">
            <folder name="org">
                <folder name="netbeans">
                    <folder name="modules">
                        <folder name="settings">
                            <folder name="examples">
                                <file name="ProxySettings">
                                    <attr name="settings.providerPath"
                                    stringvalue="xml/lookups/NetBeans_org_netbeans_modules_settings_examples/DTD_XML_ProxySettings_1_0.instance"/>
                                </file>
                                <file name="JavaCompilerSetting">
                                    <attr name="settings.providerPath"
                                    stringvalue="xml/lookups/NetBeans_org_netbeans_modules_settings_examples/DTD_XML_JavaCompilerSetting_1_0.instance"/>
                                </file>
                            </folder>
                        </folder>
                    </folder>
                </folder>
            </folder>
        </folder>
    </folder>
</filesystem>