<?xml version="1.0" encoding="UTF-8"?>
<!--
                Sun Public License Notice

The contents of this file are subject to the Sun Public License
Version 1.0 (the "License"). You may not use this file except in
compliance with the License. A copy of the License is available at
http://www.sun.com/

The Original Code is NetBeans. The Initial Developer of the Original
Code is Sun Microsystems, Inc. Portions Copyright 1997-2004 Sun
Microsystems, Inc. All Rights Reserved.
-->

<?xml-stylesheet href="../../nbbuild/javadoctools/apichanges.xsl" type="text/xsl"?>
<!DOCTYPE apichanges PUBLIC "-//NetBeans//DTD API changes list 1.0//EN" "../../nbbuild/javadoctools/apichanges.dtd">

<!-- INFO FOR PEOPLE ADDING CHANGES: 
[most of contents snipped - see openide's apichanges for how-to instructions]
<change>
    <api name="compiler"/>
    <summary>Some brief description here, can use <b>XHTML</b></summary>
    <version major="1" minor="99"/>
    <date day="13" month="6" year="2001"/>
    <author login="jrhacker"/>
    <compatibility addition="yes"/>
    <description>
        The main description of the change here.
        Again can use full <b>XHTML</b> as needed.
    </description>
    <class package="org.openide.compiler" name="DoWhatIWantCompiler"/>
    <issue number="14309"/>
</change>
-->

<apichanges>

<!-- First, a list of API names you may use: -->
<apidefs>
        <apidef name="OptionsAPI">Options Dialog API</apidef>
</apidefs>

<!-- ACTUAL CHANGES BEGIN HERE: -->

<changes>
    <change>
        <api name="OptionsAPI"/>
        <summary>Options Dialog API integrated.</summary>
        <date day="18" month="8" year="2005"/>
        <author login="jjancura"/>
        <compatibility addition="yes"/>
        <description>
            Options Dialog API integrated to NetBeans.
        </description>
    </change>
</changes>

  <!-- Now the surrounding HTML text and document structure: -->

  <htmlcontents>
<!--

                            NO NO NO NO NO!

         ==============>    DO NOT EDIT ME!  <======================

          AUTOMATICALLY GENERATED FROM APICHANGES.XML, DO NOT EDIT

                SEE xml/api/doc/changes/apichanges.xml

-->
    <head>
      <title>Options Dialog API changes by date</title>
      <link rel="stylesheet" href="prose.css" type="text/css"/>
    </head>
    <body>

<p class="overviewlink"><a href="overview-summary.html">Overview</a></p>

<h1>Introduction</h1>

<p>This document lists changes made to the Options Dialog APIs. Please ask on the 
    <code>nbdev@netbeans.org</code>
    mailing list if you have any questions about the details of a
    change, or are wondering how to convert existing code to be compatible.
</p>

      <hr/><standard-changelists module-code-name="org.netbeans.modules.options.api/1"/>

      <hr/><p>@FOOTER@</p>

    </body>
  </htmlcontents>
</apichanges>
