<?xml version="1.0" encoding="UTF-8"?>
<!--
                Sun Public License Notice

The contents of this file are subject to the Sun Public License
Version 1.0 (the "License"). You may not use this file except in
compliance with the License. A copy of the License is available at
http://www.sun.com/

The Original Code is NetBeans. The Initial Developer of the Original
Code is Sun Microsystems, Inc. Portions Copyright 1997-2003 Sun
Microsystems, Inc. All Rights Reserved.
-->
<?xml-stylesheet type="text/xml" href="../../../nbbuild/javadoctools/apichanges.xsl"?>
<!DOCTYPE apichanges PUBLIC "-//NetBeans//DTD API changes list 1.0//EN" "../../../nbbuild/javadoctools/apichanges.dtd">

<!--

INFO FOR PEOPLE ADDING CHANGES:

Check the DTD (apichanges.dtd) for details on the syntax. You do not
need to regenerate the HTML, as this is part of Javadoc generation; just
change the XML. Rough syntax of a change (several parts optional):

<change>
    <api name="compiler"/>
    <summary>Some brief description here, can use <b>XHTML</b></summary>
    <version major="1" minor="99"/>
    <date day="13" month="6" year="2001"/>
    <author login="jrhacker"/>
    <compatibility addition="yes"/>
    <description>
        The main description of the change here.
        Again can use full <b>XHTML</b> as needed.
    </description>
    <class package="org.openide.compiler" name="DoWhatIWantCompiler"/>
    <issue number="14309"/>
</change>

Also permitted elements: <package>, <branch>. <version> is API spec
version, recommended for all new changes. <compatibility> should say
if things were added/modified/deprecated/etc. and give all information
related to upgrading old code. List affected top-level classes and
link to issue numbers if applicable. See the DTD for more details.

Changes need not be in any particular order, they are sorted in various
ways by the stylesheet anyway.

Dates are assumed to mean "on the trunk". If you *also* make the same
change on a stabilization branch, use the <branch> tag to indicate this
and explain why the change was made on a branch in the <description>.

Please only change this file on the trunk! Rather: you can change it
on branches if you want, but these changes will be ignored; only the
trunk version of this file is important.

Deprecations do not count as incompatible, assuming that code using the
deprecated calls continues to see their documented behavior. But do
specify deprecation="yes" in <compatibility>.

This file is not a replacement for Javadoc: it is intended to list changes,
not describe the complete current behavior, for which ordinary documentation
is the proper place.

-->

<apichanges>

    <!-- First, a list of API names you may use: -->
    <apidefs>
        <apidef name="registry">core/registry API</apidef>
        <!-- etc. -->
    </apidefs>

    <!-- ACTUAL CHANGES BEGIN HERE: -->

    <changes>
        <change>
            <api name="registry"/>
            <summary>Interface RootContext was removed and FileSystemContextFactory must reflect it.</summary>
            <version major="1" minor="6"/>
            <date day="18" month="12" year="2003"/>
            <author login="rmatous"/>
            <compatibility binary="incompatible" source="incompatible" deprecation="yes"/>            
            <description>
                Interface RootContext was removed then return value is changed.  
                Removed method public static RootContext org.netbeans.api.registry.fs.FileSystemContextFactory.createContext(FileObject root) 
                Added method public static BasicContext org.netbeans.api.registry.fs.FileSystemContextFactory.createContext(FileObject root)                
                Moreover added method was deprecated because relation between FileObjects and Contexts is just implementation detail. 
                Method will be removed soon and there won't be no replacement for it. 
            </description>
            <issue number="38109"/>
        </change>
        
        <change id="use-convertor">
            <api name="registry"/>
            <summary>Enable use of Convertor SPI</summary>
            <version major="1" minor="1.5"/>
            <date day="29" month="9" year="2003"/>
            <author login="jglick"/>
            <compatibility addition="yes"/>
            <description>
                You may now use the Convertor SPI with the Registry over Filesystems.
                If you have a (layer) folder being used as a context, simply create a
                file <samp>foo.xml</samp> to create an object binding named <samp>foo</samp>.
                It should be a well-formed XML file whose root (document) element is
                namespace-qualified and registered using the Convertor SPI.
            </description>
            <issue number="36297"/>
        </change>

		<change >
			<api name="registry"/>
			<summary>Storage of primitive data types has changed</summary>
			<version major="1" minor="4"/>
			<date day="11" month="9" year="2003"/>
			<author login="dkonecny"/>
			<compatibility semantic="incompatible" deprecation="yes"/>
			<description>
                    Storage of the primitive data types has changed to be mergeable
                    by MultiFilesystem. See issue 34551 for more background and
                    <a href="http://openide.netbeans.org/proposals/loaders/settings/issue34551.html">proposal</a>
                    for description of solution. As part of this change the 
                    FileSystemContextFactory.setDelegates method was deprecated and will be removed
                    soon.
			</description>
			<issue number="34551"/>
		</change>


    </changes>

    <!-- Now the surrounding HTML text and document structure: -->

    <htmlcontents>
<!--

                            NO NO NO NO NO!

         ==============>    DO NOT EDIT ME!  <==============

          AUTOMATICALLY GENERATED FROM APICHANGES.XML, DO NOT EDIT

                SEE core/registry/api/apichanges.xml

-->
    <head>
      <title>Change History for the core/registry API</title>
      <link rel="stylesheet" href="prose.css" type="text/css"/>
    </head>
    <body>

<p class="overviewlink"><a href="overview-summary.html">Overview</a></p>

<h1>Introduction</h1>

<p>This document lists changes made to the <a href="@TOP@/index.html">core/registry API</a>.</p>

<!-- The actual lists of changes, as summaries and details: -->

      <hr/><standard-changelists module-code-name="org.netbeans.core.registry"/>

      <hr/><p>@FOOTER@</p>

    </body>
  </htmlcontents>

</apichanges>
