<?xml version="1.0" encoding="UTF-8"?>
<!--
                Sun Public License Notice

The contents of this file are subject to the Sun Public License
Version 1.0 (the "License"). You may not use this file except in
compliance with the License. A copy of the License is available at
http://www.sun.com/

The Original Code is NetBeans. The Initial Developer of the Original
Code is Sun Microsystems, Inc. Portions Copyright 2004 Sun
Microsystems, Inc. All Rights Reserved.
-->
<?xml-stylesheet href="../../../../../nbbuild/javadoctools/apichanges.xsl" type="text/xsl" ?>
<!DOCTYPE apichanges PUBLIC "-//NetBeans//DTD API changes list 1.0//EN" 
                     "../../../../../nbbuild/javadoctools/apichanges.dtd">

<!--

INFO FOR PEOPLE ADDING CHANGES:

Check the DTD (apichanges.dtd) for details on the syntax. You do not
need to regenerate the HTML, this will be done periodically; just
change the XML. If you can, validate the XML against the DTD, if not
do not worry about it. Rough syntax of a change (several parts optional):

<change>
    <api name="compiler"/>
    <summary>Some brief description here, can use <b>XHTML</b></summary>
    <version major="1" minor="99"/>
    <date day="13" month="6" year="2001"/>
    <author login="jrhacker"/>
    <compatibility addition="yes"/>
    <description>
        The main description of the change here.
        Again can use full <b>XHTML</b> as needed.
    </description>
    <class package="org.openide.compiler" name="DoWhatIWantCompiler"/>
    <issue number="14309"/>
</change>

Also permitted elements: <package>, <branch>. <version> is API spec
version, recommended for all new changes. <compatibility> should say
if things were added/modified/deprecated/etc. and give all information
related to upgrading old code. List affected top-level classes and
link to issue numbers if applicable. See the DTD for more details.

Changes need not be in any particular order, they are sorted in various
ways by the stylesheet anyway.

Dates are assumed to mean "on the trunk". If you *also* make the same
change on a stabilization branch, use the <branch> tag to indicate this
and explain why the change was made on a branch in the <description>.

Please only change this file on the trunk! Rather: you can change it
on branches if you want, but these changes will be ignored; only the
trunk version of this file is important.

Deprecations do not count as incompatible, assuming that code using the
deprecated calls continues to see their documented behavior. But do
specify deprecation="yes" in <compatibility>.

This file is not a replacement for Javadoc: it is intended to list changes,
not describe the complete current behavior, for which ordinary documentation
is the proper place.

-->

<apichanges>

  <!-- First, a list of API names you may use: -->
  <apidefs>
    <!-- Probably should not be used much: -->
    <apidef name="general">JavaHelp module APIs</apidef>
  </apidefs>

<!-- ACTUAL CHANGES BEGIN HERE: -->

  <changes>
  
        <change id="object">
            <api name="general"/>
            <summary>object tag was added to invoke default IDE HTML Browser to correctly display external
            links</summary>
            <version major="2" minor="3"/>
            <date day="5" month="5" year="2004"/>
            <author login="mslama"/>
            <compatibility addition="yes" deprecation="no" source="compatible" semantic="compatible">
            </compatibility>
            <description>
                <p>
                    Object tag can be used in HTML content to show external link in default IDE HTML browser.
                </p>
            </description>
            <issue number="27892"/>
        </change>

  
    

  </changes>

  <!-- Now the surrounding HTML text and document structure: -->

  <htmlcontents>
<!--

                            NO NO NO NO NO!

         ==============>    DO NOT EDIT ME!  <======================

          AUTOMATICALLY GENERATED FROM APICHANGES.XML, DO NOT EDIT

                SEE core/javahelp/api/doc/changes/apichanges.xml

-->
    <head>
      <title>NetBeans JavaHelp module API Changes by Date</title>
      <link rel="stylesheet" href="http://www.netbeans.org/netbeans.css" type="text/css"/>
      <meta name="CATEGORY" content="OtherDevelopmentDoc"/>
      <meta name="DESCRIPTION" content="A cross-indexed list of all changes made to the NetBeans JavaHelp module APIs."/>
    </head>
    <body>

<h1>Introduction</h1>

<p>This document lists changes made to the NetBeans
JavaHelp module APIs. Please ask on the <code>nbdev@netbeans.org</code>
mailing list if you have any questions.</p>

<div>
      <hr/><standard-changelists module-code-name="org.netbeans.modules.javahelp/1"/>
</div>
    </body>
  </htmlcontents>

</apichanges>
